职位名称,工作地点,职位类型,发布日期
Mortgage Financing Advisor - (Pulte Mortgage),"Bluffton, South Carolina",未指定,Posted 2 Days Ago
Coordinator People & Culture,2 Locations,未指定,Posted 2 Days Ago
Construction Manager,"Sunbury, Ohio",未指定,Posted 2 Days Ago
Hurricane Tie-Down Installer,"Jacksonville, FL",未指定,Posted 2 Days Ago
Construction Manager,"Jacksonville, FL",未指定,Posted 2 Days Ago
2nd Shift Industrial Maintenance Mechanic,"Green Cove Springs, FL",未指定,Posted 2 Days Ago
Sales Consultant,"Greenwood Village, Colorado",未指定,Posted 3 Days Ago
"Marketing Coordinator - Austin, TX","Austin, TX",未指定,Posted 3 Days Ago
Host II,"Riverview, FL",未指定,Posted 3 Days Ago
Sales Associate,"Riverview, FL",未指定,Posted 3 Days Ago
"Customer Care Manager II - Brentwood, TN","Brentwood, TN",未指定,Posted 3 Days Ago
Resource Scheduling Coordinator,"Orlando, FL",未指定,Posted 3 Days Ago
New Home Sales Consultant,"Medina, OH",未指定,Posted 3 Days Ago
Escrow Officer (PGP Title),"Houston, TX",未指定,Posted 4 Days Ago
Customer Care Manager II,"Bridgewater TWP, New Jersey",未指定,Posted 4 Days Ago
Procurement Coordinator,"Alpharetta, GA",未指定,Posted 4 Days Ago
"Market Intelligence Analyst/Land Analyst - Myrtle Beach, SC","Myrtle Beach, SC",未指定,Posted 4 Days Ago
Director National Real Estate,"Atlanta, GA",未指定,Posted 4 Days Ago
Escrow Processor (PGP Title),"Riverview, FL (PGP Title)",未指定,Posted 4 Days Ago
Commercial Escrow Officer (PGP Title),"Coppell, TX",未指定,Posted 4 Days Ago
Escrow Manager (PGP Title),"Jacksonville, FL",未指定,Posted 5 Days Ago
"Host II - San Antonio, TX","San Antonio, TX",未指定,Posted 6 Days Ago
"Host II - San Antonio, TX","San Antonio, TX",未指定,Posted 6 Days Ago
Resource Scheduling Coordinator,"Cary, NC",未指定,Posted 6 Days Ago
"Resource Scheduling Expeditor - Cary, NC","Cary, NC",未指定,Posted 6 Days Ago
Insurance Sales Agent (Pulte Insurance Agency),"Coppell, TX",未指定,Posted 6 Days Ago
Mortgage Branch Manager (Pulte Mortgage),"Austin, TX",未指定,Posted 6 Days Ago
Manager Land Planning & Entitlements,"Orlando, FL",未指定,Posted 6 Days Ago
"Land Project Manager - Austin, TX","Austin, TX",未指定,Posted 6 Days Ago
Sales Consultant (Dallas Area),"Alpharetta, GA",未指定,Posted 6 Days Ago
"General Sales Manager - Charleston, SC","North Charleston, SC",未指定,Posted 9 Days Ago
Security Engineer,2 Locations,未指定,Posted 9 Days Ago
Assistant Construction Manager,"Bloomington, MN",未指定,Posted 9 Days Ago
Customer Care Manager II (Cumming Area),"Alpharetta, GA",未指定,Posted 9 Days Ago
Front Desk Office Assistant,"Scottsdale, AZ",未指定,Posted 10 Days Ago
Senior Analyst - CX,2 Locations,未指定,Posted 10 Days Ago
Host II (Ft. Myers Area),"Bonita Springs, FL",未指定,Posted 10 Days Ago
"Procurement Coordinator - Charlotte, NC","Charlotte, NC",未指定,Posted 10 Days Ago
Land Development Manager,"Bonita Springs, FL",未指定,Posted 11 Days Ago
Closing Coordinator,"Schaumburg, IL",未指定,Posted 11 Days Ago
